address,label,type,region,notes
$00:021B,Oracle_DungeonMainCheck,func,dungeon,
$01:CC5A,Oracle_RoomTag_Return,func,dungeon,
$01:CC95,Oracle_RoomTag_OperateWaterFlooring,func,dungeon,
$01:E7A9,Oracle_Dungeon_SpriteInducedTilemapUpdate,func,dungeon,
$02:A5EC,Oracle_Overworld_ActualScreenID,func,overworld,
$02:B1F4,Oracle_Overworld_ReloadSubscreenOverlayAndAdvance_long,func,overworld,
$02:C692,Oracle_OverworldLoadScreensPaletteSet,pal,overworld,
$02:C769,Oracle_Overworld_CopyPalettesToCache,pal,overworld,
$02:FF6E,Oracle_Overworld_OperateCameraScroll_Long,func,overworld,
$02:FF76,Oracle_Overworld_ScrollMap_Long,func,overworld,
$06:ECB7,Oracle_Ancilla_CheckDamageToSprite,func,item,
$07:94E4,Oracle_LoadOverworldPitAreas_overworld_pit_transition,func,overworld,
$07:A15B,Oracle_LinkItem_NewBottle,func,item,
$07:A175,Oracle_LinkItem_NewBottle_empty_bottle,func,item,
$07:A178,Oracle_LinkItem_NewBottle_exit,func,item,
$07:A313,Oracle_LinkItem_ShovelAndFlute,func,item,
$07:A31D,Oracle_LinkItem_ShovelAndFlute_use_wolf_mask,func,item,
$07:A32C,Oracle_LinkItem_Shovel,func,item,
$07:A3DB,Oracle_LinkItem_Flute,func,item,
$07:A3DB,Oracle_LinkItem_FluteHook,func,item,
$07:A494,Oracle_LinkItem_Ether,func,item,
$07:A512,Oracle_LinkItem_PortalRod,func,item,
$07:A52F,Oracle_LinkItem_PortalRod_y_button_held,func,item,
$07:A556,Oracle_LinkItem_PortalRod_insufficient_mp,func,item,
$07:A55C,Oracle_LinkItem_PortalRod_return,func,item,
$07:A569,Oracle_LinkItem_ZoraMask,func,item,
$07:A574,Oracle_LinkItem_ZoraMask_return,func,item,
$07:A64B,Oracle_LinkItem_DekuMask,func,item,
$07:A66E,Oracle_LinkItem_DekuMask_continue,func,item,
$07:A67B,Oracle_LinkItem_DekuMask_return,func,item,
$07:AF3E,Oracle_LinkItem_FishingRodAndPortalRod,func,item,
$07:AF57,Oracle_LinkItem_FishingRodAndPortalRod_portal_rod,func,item,
$07:AF65,Oracle_LinkItem_FishingRodAndPortalRod_left,func,item,
$07:AF72,Oracle_LinkItem_FishingRodAndPortalRod_right,func,item,
$07:B0AB,Oracle_LinkItem_EvaluateMagicCost,func,item,
$07:FA3D,Oracle_LinkItem_WolfMask,func,item,
$07:FA47,Oracle_LinkItem_WolfMask_equip,func,item,
$07:FA4D,Oracle_LinkItem_WolfMask_return,func,item,
$07:FAAF,Oracle_LinkItem_CatchBottle,func,item,
$07:FAE0,Oracle_LinkItem_CatchBottle_y_press,func,item,
$07:FB29,Oracle_LinkItem_CatchBottle_bottle_exit,func,item,
$07:FB2A,Oracle_LinkItem_Bottles,func,item,
$07:FB60,Oracle_LinkItem_Bottles_milk_bottle,func,item,
$07:FB6F,Oracle_LinkItem_Bottles_magic_bean,func,item,
$07:FB74,Oracle_LinkItem_Bottles_fairy,func,item,
$07:FB77,Oracle_LinkItem_Bottles_LinkItem_RedPotion,func,item,
$07:FB81,Oracle_LinkItem_Bottles_LinkItem_UselessBottle,func,item,
$07:FB84,Oracle_LinkItem_Bottles_can_drink_red,func,item,
$07:FBA4,Oracle_LinkItem_Bottles_LinkItem_GreenPotion,func,item,
$07:FBAF,Oracle_LinkItem_Bottles_can_drink,func,item,
$07:FBD0,Oracle_LinkItem_Bottles_LinkItem_BluePotion,func,item,
$07:FBE5,Oracle_LinkItem_Bottles_useBluePotion,func,item,
$07:FC06,Oracle_LinkItem_Bottles_LinkItem_FairyBottle,func,item,
$07:FC18,Oracle_LinkItem_Bottles_released,func,item,
$07:FC1E,Oracle_LinkItem_Bottles_LinkItem_BeeBottle,func,item,
$07:FC2A,Oracle_LinkItem_Bottles_bee_spawn_success,func,item,
$07:FC34,Oracle_LinkItem_Bottles_bottle_exit,func,item,
$07:FC4D,Oracle_LinkItem_NewFlute,func,item,
$07:FC5F,Oracle_LinkItem_NewFlute_y_button_not_held,func,item,
$07:FC82,Oracle_LinkItem_NewFlute_song_of_time,func,item,
$07:FC9A,Oracle_LinkItem_NewFlute_song_of_healing,func,item,
$07:FCB2,Oracle_LinkItem_NewFlute_song_of_storms,func,item,
$07:FCC0,Oracle_LinkItem_NewFlute_song_of_soaring,func,item,
$07:FCE2,Oracle_LinkItem_NewFlute_light_world,func,item,
$07:FCEA,Oracle_LinkItem_NewFlute_next_ancillary_slot,func,item,
$07:FD2B,Oracle_LinkItem_NewFlute_not_weathervane_trigger,func,item,
$07:FD2F,Oracle_LinkItem_NewFlute_travel_bird_already_released,func,item,
$07:FD3A,Oracle_LinkItem_NewFlute_return,func,item,
$08:8DA2,Oracle_Ancilla_CheckSpriteCollision_long,func,item,
$08:923B,Oracle_Ancilla_CheckTileCollision_long,func,item,
$08:9243,Oracle_Ancilla_CheckTileCollision_Class2_long,func,item,
$08:F6D9,Oracle_Ancilla_PrepOAMCoord_long,func,item,
$08:F6FE,Oracle_Ancilla_SetOAM_XY_long,func,item,
$08:FB23,Oracle_Ancilla_GetRadialProjection_long,func,item,
$09:9DD3,Oracle_Ancilla_CheckInitialTile_A,func,item,
$09:C635,Oracle_OverworldPalettesScreenToSet_New,pal,overworld,
$0A:BF90,Oracle_MapIconDraw,func,map,
$0A:BFA4,Oracle_MapIconDraw_draw_prizes,func,map,
$0A:BFBC,Oracle_MapIconDraw_check_pendants,func,map,
$0A:BFD9,Oracle_MapIconDraw_check_master_sword,func,map,
$0A:BFEB,Oracle_MapIconDraw_check_fortress,func,map,
$0A:BFFD,Oracle_MapIconDraw_check_final_boss,func,map,
$0A:C00C,Oracle_MapIconDraw_exit_dw,func,map,
$0A:C00F,Oracle_MapIconDraw_lwprizes,func,map,
$0A:C02D,Oracle_MapIconDraw_main_quest,func,map,
$0A:C043,Oracle_MapIconDraw_draw_crystal_1,func,map,
$0A:C078,Oracle_MapIconDraw_skip_draw_0,func,map,
$0A:C07B,Oracle_MapIconDraw_draw_crystals,func,map,
$0A:C0B0,Oracle_MapIconDraw_skip_draw_1,func,map,
$0A:C0E5,Oracle_MapIconDraw_skip_draw_2,func,map,
$0A:C11A,Oracle_MapIconDraw_skip_draw_3,func,map,
$0A:C14F,Oracle_MapIconDraw_skip_draw_4,func,map,
$0A:C184,Oracle_MapIconDraw_skip_draw_5,func,map,
$0A:C1B9,Oracle_MapIconDraw_skip_draw_6,func,map,
$0B:FE70,Oracle_Overworld_SetFixedColAndScroll,func,overworld,
$0B:FE72,Oracle_Overworld_SetFixedColAndScroll_AltEntry,func,overworld,
$0D:BB5E,Oracle_Ancilla_CalculateSFXPan,func,item,
$0D:DEB0,Oracle_ItemMenu_CheckForOwnership,func,menu,
$0D:FE77,Oracle_HUD_Tilemap,func,menu,
$0E:D5A8,Oracle_OverworldPalettesLoader,pal,overworld,
$0E:FBA0,Oracle_LinkItem_IceRod,func,item,
$0E:FBC6,Oracle_LinkItem_IceRod_on_water_tiles,func,item,
$0F:F577,Oracle_Ancilla_CheckForAvailableSlot,func,item,
$0F:FBC2,Oracle_Ancilla_GetRadialProjection.multiplier_x,func,item,
$0F:FC02,Oracle_Ancilla_GetRadialProjection.multiplier_y,func,item,
$0F:FC42,Oracle_Ancilla_GetRadialProjection.meta_sign_y,func,item,
$0F:FC82,Oracle_Ancilla_GetRadialProjection.meta_sign_x,func,item,
$1B:B860,Oracle_Overworld_GetPitDestination,func,overworld,
$1B:B96F,Oracle_Overworld_EntranceScreens,func,overworld,
$1B:BA71,Oracle_Overworld_EntranceTileIndex,func,overworld,
$1B:BB73,Oracle_Overworld_Entrance_ID,func,overworld,
$1B:C97C,Oracle_Overworld_DrawMap16_Persist,func,overworld,
$1B:C983,Oracle_Overworld_DrawMap16_Anywhere,func,overworld,
$2B:81C6,Oracle_LinkItem_JumpFeather,func,item,
$2B:81F6,Oracle_LinkItem_JumpFeather_no_up,func,item,
$2B:8200,Oracle_LinkItem_JumpFeather_no_down,func,item,
$2B:820A,Oracle_LinkItem_JumpFeather_no_left,func,item,
$2B:8214,Oracle_LinkItem_JumpFeather_cant_use_it,func,item,
$2B:8214,Oracle_LinkItem_JumpFeather_no_right,func,item,
$2B:8229,Oracle_LinkItem_BookOfSecrets,func,item,
$2B:824B,Oracle_Dungeon_RevealSecrets,func,dungeon,
$2B:826E,Oracle_Dungeon_RevealSecrets_end,func,dungeon,
$2B:83D9,Oracle_LinkItem_BallChain_GfxTransfer,gfx,item,
$2B:8408,Oracle_LinkItem_BallChain_GfxTransfer_transfer_gfx_sideways,gfx,item,
$2B:8429,Oracle_LinkItem_BallChain_GfxTransfer_transfer_handle_and_links,gfx,item,
$2B:843C,Oracle_LinkItem_BallChain_GfxTransfer_transfer_loop,gfx,item,
$2B:8A5D,Oracle_Ancilla_HandlePortalCollision,func,item,
$2B:8A6F,Oracle_Ancilla_HandlePortalCollision_orange_portal,func,item,
$2B:8A92,Oracle_Ancilla_HandlePortalCollision_blue_portal,func,item,
$2B:8AB2,Oracle_Ancilla_HandlePortalCollision_continue,func,item,
$2B:8AB5,Oracle_Ancilla_HandlePortalCollision_not_portal_arrow,func,item,
$2B:8ABB,Oracle_LinkItem_FirePortal,func,item,
$2B:8AC4,Oracle_LinkItem_FirePortal_continue,func,item,
$2B:8AD1,Oracle_LinkItem_FirePortal_spawn_blue,func,item,
$2B:8AD7,Oracle_LinkItem_FirePortal_check_direction,func,item,
$2B:8AEF,Oracle_LinkItem_FirePortal_facing_up,func,item,
$2B:8B14,Oracle_LinkItem_FirePortal_facing_down,func,item,
$2B:8B39,Oracle_LinkItem_FirePortal_facing_left,func,item,
$2B:8B5E,Oracle_LinkItem_FirePortal_facing_right,func,item,
$2B:8B80,Oracle_LinkItem_FirePortal_finish,func,item,
$2B:8B88,Oracle_LinkItem_FirePortal_return,func,item,
$2B:8C1A,Oracle_LinkItem_FishingRod,func,item,
$2B:8C4A,Oracle_LinkItem_FishingRod_holding_y,func,item,
$2B:8CB6,Oracle_LinkItem_FishingRod_waitforend,func,item,
$2B:8CD6,Oracle_LinkItem_FishingRod_BringBackFloater,func,item,
$2B:8D05,Oracle_LinkItem_FishingRod_notafish,func,item,
$2B:8D1F,Oracle_LinkItem_FishingRod_noPrize,func,item,
$2B:8D25,Oracle_LinkItem_FishingRod_exit,func,item,
$2B:997E,Oracle_MagicRing_CheckForPower,func,item,
$2B:99A9,Oracle_MagicRing_CheckForPower_not_sword,func,item,
$2B:99AE,Oracle_MagicRing_CheckForArmor,func,item,
$2B:99D6,Oracle_MagicRing_CheckForSteadfast,func,item,
$2B:99F7,Oracle_MagicRing_CheckForLight,func,item,
$2B:9A1F,Oracle_MagicRing_CheckForBlast,func,item,
$2C:83C7,Oracle_RoomTag_MinishShutterDoor,func,dungeon,
$2C:83EC,Oracle_RoomTag_MinishShutterDoor_exit,func,dungeon,
$2C:83EE,Oracle_RoomTag_MinishShutterDoor_no_minish,func,dungeon,
$2C:882E,Oracle_Dungeon_LoadCustomTileAttr,func,dungeon,
$2C:8842,Oracle_Dungeon_LoadCustomTileAttr_load_loop,func,dungeon,
$2C:94C7,Oracle_MapGfx,gfx,map,
$2C:BAC5,Oracle_Ancilla_SpawnFallingPrize,func,item,
$2D:80C8,Oracle_MapGFX,gfx,map,
$2D:843C,Oracle_Menu_DrawHourDigit,func,menu,
$2D:8456,Oracle_Menu_DrawMinuteDigit,func,menu,
$2D:8470,Oracle_Menu_DrawPlaytimeLabel,func,menu,
$2D:8473,Oracle_Menu_DrawPlaytimeLabel_draw2,func,menu,
$2D:848A,Oracle_Menu_ItemNames,func,menu,
$2D:878A,Oracle_Menu_BottleItems,func,menu,
$2D:878A,Oracle_Menu_MushroomLabel,func,menu,
$2D:88CA,Oracle_Menu_GoldstarLabel,func,menu,
$2D:88EA,Oracle_Menu_PortalRodItems,func,menu,
$2D:890A,Oracle_Menu_SongNames,func,menu,
$2D:898A,Oracle_Menu_RingNames,func,menu,
$2D:8A4A,Oracle_Menu_RingDescriptions,func,menu,
$2D:8B0A,Oracle_Menu_RingsFound,func,menu,
$2D:8B2A,Oracle_Menu_DrawItemName,func,menu,
$2D:8B3D,Oracle_Menu_DrawItemName_haveItem,func,menu,
$2D:8B60,Oracle_Menu_DrawItemName_draw_item,func,menu,
$2D:8B71,Oracle_Menu_DrawItemName_loop,func,menu,
$2D:8B80,Oracle_Menu_DrawItemName_no_items,func,menu,
$2D:8B81,Oracle_Menu_DrawItemName_bottle_1,func,menu,
$2D:8B89,Oracle_Menu_DrawItemName_bottle_2,func,menu,
$2D:8B91,Oracle_Menu_DrawItemName_bottle_3,func,menu,
$2D:8B99,Oracle_Menu_DrawItemName_bottle_4,func,menu,
$2D:8B9E,Oracle_Menu_DrawItemName_draw_bottle,func,menu,
$2D:8BA2,Oracle_Menu_DrawItemName_custom_rods,func,menu,
$2D:8BAD,Oracle_Menu_DrawItemName_goldstar,func,menu,
$2D:8BB8,Oracle_Menu_DrawItemName_mushroom,func,menu,
$2D:8BC4,Oracle_Menu_DrawItemName_ocarina,func,menu,
$2D:8BE5,Oracle_Menu_DrawItemName_draw_ocarina_loop,func,menu,
$2D:8C8D,Oracle_Menu_CollectibleNames,func,menu,
$2D:8E32,Oracle_Menu_DrawSelect,func,menu,
$2D:8E37,Oracle_Menu_DrawSelect_loop,func,menu,
$2D:8E42,Oracle_Menu_DrawQuestStatus,func,menu,
$2D:8E47,Oracle_Menu_DrawQuestStatus_loop,func,menu,
$2D:8E52,Oracle_Menu_DrawAreaNameTXT,func,menu,
$2D:8E57,Oracle_Menu_DrawAreaNameTXT_loop,func,menu,
$2D:8E62,Oracle_Menu_DrawCharacterName,func,menu,
$2D:8E67,Oracle_Menu_DrawCharacterName_loop,func,menu,
$2D:8E79,Oracle_Menu_DrawCharacterName_convert_char,func,menu,
$2D:8EB5,Oracle_Menu_DrawCharacterName_space,func,menu,
$2D:8EB9,Oracle_Menu_DrawCharacterName_direct,func,menu,
$2D:8EBE,Oracle_Menu_DrawCharacterName_qz_range,func,menu,
$2D:8EC7,Oracle_Menu_DrawCharacterName_lower_af,func,menu,
$2D:8ED0,Oracle_Menu_DrawCharacterName_lower_go,func,menu,
$2D:8EDA,Oracle_Menu_DrawCharacterName_go_table,tbl,menu,
$2D:8EEC,Oracle_Menu_DrawCharacterName_lower_pv,func,menu,
$2D:8EF5,Oracle_Menu_DrawCharacterName_lower_wz,func,menu,
$2D:8EFE,Oracle_Menu_DrawCharacterName_numbers,func,menu,
$2D:8F07,Oracle_Menu_DrawCharacterName_char_i,func,menu,
$2D:8F0B,Oracle_Menu_DrawButtonPrompt,func,menu,
$2D:8F10,Oracle_Menu_DrawButtonPrompt_loop,func,menu,
$2D:8F1D,Oracle_Menu_DrawRingBoxPrompt,func,menu,
$2D:8F22,Oracle_Menu_DrawRingBoxPrompt_loop,func,menu,
$2D:8F2F,Oracle_Menu_Palette,pal,menu,
$2D:8F6D,Oracle_Menu_Entry,func,menu,
$2D:8F7C,Oracle_Menu_Entry_vectors,func,menu,
$2D:8F9C,Oracle_Menu_InitGraphics,func,menu,
$2D:8FAD,Oracle_Menu_InitGraphics_not_fishing,func,menu,
$2D:8FC3,Oracle_Menu_InitGraphics_bottle,func,menu,
$2D:8FD7,Oracle_Menu_InitGraphics_wolf_shovel,func,menu,
$2D:8FF5,Oracle_Menu_DrawBackground,func,menu,
$2D:8FFA,Oracle_Menu_DrawBackground_loop,func,menu,
$2D:905F,Oracle_Menu_DrawQuestIcons,func,menu,
$2D:9062,Oracle_Menu_DrawQuestIcons_loop,func,menu,
$2D:90A0,Oracle_Menu_DrawTriforceIcons,func,menu,
$2D:9130,Oracle_Menu_DrawPendantIcons,func,menu,
$2D:917A,Oracle_Menu_DrawHeartPieces,func,menu,
$2D:91A6,Oracle_Menu_DrawHeartPieces_top_right,func,menu,
$2D:91AC,Oracle_Menu_DrawHeartPieces_bottom_left,func,menu,
$2D:91B2,Oracle_Menu_DrawHeartPieces_top_left,func,menu,
$2D:91B9,Oracle_Menu_DrawMusicNotes,func,menu,
$2D:91D2,Oracle_Menu_DrawMusicNotes_no_healing,func,menu,
$2D:91D5,Oracle_Menu_DrawMusicNotes_draw_healing,func,menu,
$2D:91F5,Oracle_Menu_DrawMusicNotes_no_storms,func,menu,
$2D:91F8,Oracle_Menu_DrawMusicNotes_draw_storms,func,menu,
$2D:9218,Oracle_Menu_DrawMusicNotes_no_soaring,func,menu,
$2D:921B,Oracle_Menu_DrawMusicNotes_draw_soaring,func,menu,
$2D:923B,Oracle_Menu_DrawMusicNotes_no_songs,func,menu,
$2D:923E,Oracle_Menu_DrawMusicNotes_draw_songs,func,menu,
$2D:93DC,Oracle_Menu_DrawQuestItems,func,menu,
$2D:9441,Oracle_Menu_DrawBigKey,func,menu,
$2D:9452,Oracle_Menu_DrawBigKey_locateBigKeyFlag,func,menu,
$2D:9479,Oracle_Menu_DrawBigKey_noTreasureYet,func,menu,
$2D:9493,Oracle_Menu_DrawBigKey_dontHaveBigKey,func,menu,
$2D:9493,Oracle_Menu_DrawBigKey_notInPalace,func,menu,
$2D:94A4,Oracle_Menu_DrawBigKey_locateMapFlag,func,menu,
$2D:94BC,Oracle_Menu_DrawBigKey_dontHaveMap,func,menu,
$2D:94BC,Oracle_Menu_DrawBigKey_notInPalaceAgain,func,menu,
$2D:9540,Oracle_Menu_DrawBigChestKey,func,menu,
$2D:9551,Oracle_Menu_DrawBigChestKey_locateCompassFlag,func,menu,
$2D:9571,Oracle_Menu_DrawBigChestKey_dontHaveCompass,func,menu,
$2D:9571,Oracle_Menu_DrawBigChestKey_notInPalace,func,menu,
$2D:9572,Oracle_Menu_DrawSongMenu,func,menu,
$2D:9577,Oracle_Menu_DrawSongMenu_loop,func,menu,
$2D:95AC,Oracle_Menu_DrawSongMenu_magic_bag_tilemap,func,menu,
$2D:9DAC,Oracle_Menu_DrawMagicBag,func,menu,
$2D:9DB1,Oracle_Menu_DrawMagicBag_loop,func,menu,
$2D:9DE6,Oracle_Menu_DrawMagicBag_magic_bag_tilemap,func,menu,
$2D:A5E6,Oracle_Menu_DrawRingBox,func,menu,
$2D:A5EB,Oracle_Menu_DrawRingBox_loop,func,menu,
$2D:A622,Oracle_Menu_DrawRingBox_ring_box_tilemap,func,menu,
$2D:AE22,Oracle_Menu_DrawMagicRings,func,menu,
$2D:AE30,Oracle_Menu_DrawMagicRings_no_attack,func,menu,
$2D:AE33,Oracle_Menu_DrawMagicRings_draw_storms,func,menu,
$2D:AE50,Oracle_Menu_DrawMagicRings_no_defense,func,menu,
$2D:AE53,Oracle_Menu_DrawMagicRings_draw_defense,func,menu,
$2D:AE70,Oracle_Menu_DrawMagicRings_no_luck,func,menu,
$2D:AE73,Oracle_Menu_DrawMagicRings_draw_luck,func,menu,
$2D:AE83,Oracle_Menu_DrawMagicRingsInBox,func,menu,
$2D:AE9C,Oracle_Menu_DrawMagicRingsInBox_no_attack,func,menu,
$2D:AEBF,Oracle_Menu_DrawMagicRingsInBox_no_defense,func,menu,
$2D:AEE2,Oracle_Menu_DrawMagicRingsInBox_no_steadfast,func,menu,
$2D:AF05,Oracle_Menu_DrawMagicRingsInBox_no_light,func,menu,
$2D:AF28,Oracle_Menu_DrawMagicRingsInBox_no_blast,func,menu,
$2D:AF4B,Oracle_Menu_DrawMagicRingsInBox_no_heart,func,menu,
$2D:AF60,Oracle_Menu_DrawMagicItems,func,menu,
$2D:AFD5,Oracle_Menu_DrawCursor,func,menu,
$2D:AFFB,Oracle_Menu_DrawCursor_no_delete,func,menu,
$2D:B036,Oracle_Menu_DrawCursor_submenu_cursor,func,menu,
$2D:B066,Oracle_Menu_DrawCursor_done,func,menu,
$2D:B069,Oracle_Menu_CheckItemHasSubmenu,func,menu,
$2D:B07A,Oracle_Menu_CheckItemHasSubmenu_has_submenu,func,menu,
$2D:B07C,Oracle_Menu_UploadRight,func,menu,
$2D:B0B5,Oracle_Menu_UploadLeft,func,menu,
$2D:B0C9,Oracle_Menu_UploadLeft_loop,func,menu,
$2D:B0E5,Oracle_Menu_Scroll,func,menu,
$2D:B11B,Oracle_Menu_ScrollDown,func,menu,
$2D:B136,Oracle_Menu_ScrollDown_notDoneScrolling,func,menu,
$2D:B13A,Oracle_Menu_ItemIndex,func,menu,
$2D:B153,Oracle_Menu_AddressIndex,func,menu,
$2D:B16B,Oracle_Menu_ItemCursorPositions,func,menu,
$2D:B19B,Oracle_Menu_FindNextItem,func,menu,
$2D:B19F,Oracle_Menu_FindNextItem_loop,func,menu,
$2D:B1A9,Oracle_Menu_FindNextItem_no_reset,func,menu,
$2D:B1BC,Oracle_Menu_FindNextItem_found,func,menu,
$2D:B1BD,Oracle_Menu_FindPrevItem,func,menu,
$2D:B1C1,Oracle_Menu_FindPrevItem_loop,func,menu,
$2D:B1C9,Oracle_Menu_FindPrevItem_no_reset,func,menu,
$2D:B1DC,Oracle_Menu_FindPrevItem_found,func,menu,
$2D:B1DD,Oracle_Menu_FindNextDownItem,func,menu,
$2D:B1EB,Oracle_Menu_FindNextDownItem_no_reset,func,menu,
$2D:B1FC,Oracle_Menu_FindNextUpItem,func,menu,
$2D:B208,Oracle_Menu_FindNextUpItem_wrap,func,menu,
$2D:B20B,Oracle_Menu_FindNextUpItem_no_reset,func,menu,
$2D:B21C,Oracle_Menu_DeleteCursor,func,menu,
$2D:B221,Oracle_Menu_DeleteCursor_AltEntry,func,menu,
$2D:B242,Oracle_Menu_InitItemScreen,func,menu,
$2D:B249,Oracle_Menu_InitItemScreen_lookForAlternateItem,func,menu,
$2D:B24B,Oracle_Menu_InitItemScreen_loop,func,menu,
$2D:B263,Oracle_Menu_InitItemScreen_bad,func,menu,
$2D:B26F,Oracle_Menu_InitItemScreen_all_good,func,menu,
$2D:B288,Oracle_Menu_AddressLong,func,menu,
$2D:B30B,Oracle_Menu_CheckForSpecialMenus,func,menu,
$2D:B38B,Oracle_Menu_CheckForSpecialMenus_no_x_journal,func,menu,
$2D:B3A1,Oracle_Menu_CheckForSpecialMenus_no_y_rings,func,menu,
$2D:B3A3,Oracle_Menu_ItemScreen,func,menu,
$2D:B3C3,Oracle_Menu_ItemScreen_do_no_input,func,menu,
$2D:B3C5,Oracle_Menu_ItemScreen_move_right,func,menu,
$2D:B3CD,Oracle_Menu_ItemScreen_move_left,func,menu,
$2D:B3D5,Oracle_Menu_ItemScreen_move_down,func,menu,
$2D:B3DD,Oracle_Menu_ItemScreen_move_up,func,menu,
$2D:B3E5,Oracle_Menu_ItemScreen_draw_cursor,func,menu,
$2D:B3EA,Oracle_Menu_ItemScreen_no_inputs,func,menu,
$2D:B3FE,Oracle_Menu_ItemScreen_exit,func,menu,
$2D:B408,Oracle_Menu_ScrollTo,func,menu,
$2D:B415,Oracle_Menu_ScrollTo_not_done,func,menu,
$2D:B416,Oracle_Menu_CheckHScroll,func,menu,
$2D:B42B,Oracle_Menu_CheckHScroll_left,func,menu,
$2D:B432,Oracle_Menu_CheckHScroll_right,func,menu,
$2D:B437,Oracle_Menu_CheckHScroll_merge,func,menu,
$2D:B445,Oracle_Menu_CheckHScroll_leave_menu,func,menu,
$2D:B44B,Oracle_Menu_ScrollHorizontal,func,menu,
$2D:B45F,Oracle_Menu_ScrollHorizontal_loop,func,menu,
$2D:B461,Oracle_Menu_StatsScreen,func,menu,
$2D:B48D,Oracle_Menu_StatsScreen_no_journal,func,menu,
$2D:B48E,Oracle_Menu_ScrollFrom,func,menu,
$2D:B499,Oracle_Menu_ScrollFrom_not_done,func,menu,
$2D:B49C,Oracle_Menu_ScrollUp,func,menu,
$2D:B4B3,Oracle_Menu_ScrollUp_notDoneScrolling,func,menu,
$2D:B4B9,Oracle_Menu_CheckBottle,func,menu,
$2D:B4C5,Oracle_Menu_CheckBottle_not_first,func,menu,
$2D:B4D1,Oracle_Menu_CheckBottle_not_second,func,menu,
$2D:B4DD,Oracle_Menu_CheckBottle_not_third,func,menu,
$2D:B4E6,Oracle_Menu_CheckBottle_prepare_bottle,func,menu,
$2D:B4EA,Oracle_Menu_CheckBottle_not_any,func,menu,
$2D:B4EB,Oracle_Menu_Exit,func,menu,
$2D:B50C,Oracle_Menu_Exit_quest_screen_exit,func,menu,
$2D:B50E,Oracle_Menu_Exit_loop,func,menu,
$2D:B521,Oracle_Menu_RefreshQuestScreen,func,menu,
$2D:B54E,Oracle_Menu_RefreshInventoryScreen,func,menu,
$2D:B562,Oracle_Menu_RefreshInventoryScreen_loop,func,menu,
$2D:B570,Oracle_Menu_InitiateScrollDown,func,menu,
$2D:B574,Oracle_Menu_InitiateScrollDown_loop,func,menu,
$2D:B5B7,Oracle_Menu_InitiateScrollDown_loop1,func,menu,
$2D:B5C3,Oracle_Menu_InitiateScrollDown_loop2,func,menu,
$2D:B5CF,Oracle_Menu_InitiateScrollDown_loop3,func,menu,
$2D:B5DB,Oracle_Menu_InitiateScrollDown_loop4,func,menu,
$2D:B5F9,Oracle_Menu_HandleGridNavigation,func,menu,
$2D:B610,Oracle_Menu_HandleGridNavigation_move_right,func,menu,
$2D:B610,Oracle_Menu_HandleGridNavigation_move_up,func,menu,
$2D:B625,Oracle_Menu_HandleGridNavigation_move_down,func,menu,
$2D:B625,Oracle_Menu_HandleGridNavigation_move_left,func,menu,
$2D:B635,Oracle_Menu_HandleGridNavigation_wrap_to_max,func,menu,
$2D:B63D,Oracle_Menu_HandleGridNavigation_delete_cursor,func,menu,
$2D:B64B,Oracle_Menu_HandleGridNavigation_done,func,menu,
$2D:B64D,Oracle_Menu_MagicBag,func,menu,
$2D:B685,Oracle_Menu_MagicBagCursorPositions,func,menu,
$2D:B6EA,Oracle_Menu_SongMenu,func,menu,
$2D:B6FD,Oracle_Menu_SongMenu_songs_available,func,menu,
$2D:B721,Oracle_Menu_SongMenu_move_right,func,menu,
$2D:B721,Oracle_Menu_SongMenu_move_up,func,menu,
$2D:B756,Oracle_Menu_SongMenu_max_1,func,menu,
$2D:B75E,Oracle_Menu_SongMenu_max_2,func,menu,
$2D:B766,Oracle_Menu_SongMenu_max_3,func,menu,
$2D:B76E,Oracle_Menu_SongMenu_max_4,func,menu,
$2D:B776,Oracle_Menu_SongMenu_wrap_to_max,func,menu,
$2D:B792,Oracle_Menu_SongMenu_set_max_to_3,func,menu,
$2D:B79A,Oracle_Menu_SongMenu_set_max_to_2,func,menu,
$2D:B7A2,Oracle_Menu_SongMenu_set_max_to_1,func,menu,
$2D:B7AA,Oracle_Menu_SongMenu_set_max_to_4,func,menu,
$2D:B7B2,Oracle_Menu_SongMenu_wrap_to_min,func,menu,
$2D:B7B9,Oracle_Menu_SongMenu_move_down,func,menu,
$2D:B7B9,Oracle_Menu_SongMenu_move_left,func,menu,
$2D:B7D4,Oracle_Menu_SongMenu_reset,func,menu,
$2D:B7D9,Oracle_Menu_SongMenu_continue,func,menu,
$2D:B7FA,Oracle_Menu_SongIconCursorPositions,func,menu,
$2D:B802,Oracle_Menu_RingBox,func,menu,
$2D:B83A,Oracle_Menu_RingIconCursorPositions,func,menu,
$2D:B8F8,Oracle_Menu_Journal,func,menu,
$2D:B90A,Oracle_Menu_Journal_close_menu,func,menu,
$2D:B916,Oracle_Menu_Journal_return_pressed,func,menu,
$2D:B926,Oracle_Menu_Journal_return_to_quest,func,menu,
$2D:B92E,Oracle_Menu_Journal_continue,func,menu,
$2D:B936,Oracle_Menu_Journal_quest_side,func,menu,
$2D:B938,Oracle_Menu_Journal_set_vram,func,menu,
$2D:B940,Oracle_Menu_SubmenuReturn,func,menu,
$2D:C1EE,Oracle_OverworldLocationNames,func,overworld,
$2D:D16E,Oracle_DungeonLocationNames,func,dungeon,
$2E:8000,Oracle_HUD_Update,func,menu,
$2E:805D,Oracle_HUD_Update_healthUpdated,func,menu,
$2E:807B,Oracle_HUD_Update_ignore_health,func,menu,
$2E:807C,Oracle_HUD_Update_after_ignore_entry,func,menu,
$2E:8098,Oracle_HUD_Update_normal_magic_meter,func,menu,
$2E:8135,Oracle_HUD_Update_not_bombs,func,menu,
$2E:8168,Oracle_HUD_Update_not_arrows,func,menu,
$2E:817C,Oracle_HUD_Update_no_keys,func,menu,
$2E:8193,Oracle_HUD_Update_dont_blank_key_icon,func,menu,
$2E:821D,Oracle_HUD_UpdateItemBox,func,menu,
$2E:8233,Oracle_HUD_UpdateItemBox_no_silver_arrows,func,menu,
$2E:823F,Oracle_HUD_UpdateItemBox_silver_with_arrows,func,menu,
$2E:8241,Oracle_HUD_UpdateItemBox_draw_bow_item_icon,func,menu,
$2E:8246,Oracle_HUD_UpdateItemBox_no_bow,func,menu,
$2E:8266,Oracle_HUD_UpdateItemBox_bombs_not_equipped,func,menu,
$2E:8271,Oracle_HUD_UpdateItemBox_bottle1_not_equipped,func,menu,
$2E:827C,Oracle_HUD_UpdateItemBox_bottle2_not_equipped,func,menu,
$2E:8287,Oracle_HUD_UpdateItemBox_bottle3_not_equipped,func,menu,
$2E:828F,Oracle_HUD_UpdateItemBox_load_bottle_content,func,menu,
$2E:8299,Oracle_HUD_UpdateItemBox_bottle_not_equipped,func,menu,
$2E:82A1,Oracle_HUD_UpdateItemBox_flute_not_equipped,func,menu,
$2E:82AF,Oracle_HUD_UpdateItemBox_hookshot_not_equipped,func,menu,
$2E:82B7,Oracle_HUD_UpdateItemBox_custom_rod_not_equipped,func,menu,
$2E:82BA,Oracle_HUD_UpdateItemBox_no_equipped_item,func,menu,
$2E:82BB,Oracle_HUD_DrawItem,func,menu,
$2E:82ED,Oracle_HUD_UpdateHearts,func,menu,
$2E:82F0,Oracle_HUD_UpdateHearts_next_heart,func,menu,
$2E:8306,Oracle_HUD_UpdateHearts_less_than_one_heart,func,menu,
$2E:8310,Oracle_HUD_UpdateHearts_half_heart_or_less,func,menu,
$2E:831A,Oracle_HUD_UpdateHearts_empty_heart,func,menu,
$2E:831B,Oracle_HUD_UpdateHearts_draw_heart,func,menu,
$2E:832B,Oracle_HUD_UpdateHearts_no_line_change,func,menu,
$2E:8331,Oracle_HUD_UpdateHearts_long,func,menu,
$2E:9C9F,Oracle_Menu_DrawJournal,func,menu,
$2E:9CB2,Oracle_Menu_DrawJournal_not_first,func,menu,
$2E:9CC3,Oracle_Menu_DrawJournal_middle,func,menu,
$2E:9CC6,Oracle_Menu_DrawJournal_draw_entry,func,menu,
$2F:8000,Oracle_MessageExpand,msg,dialog,
$2F:8026,Oracle_MessageExpandedData,msg,dialog,
$2F:8026,Oracle_Message_18D,msg,dialog,
$2F:80CC,Oracle_Message_18E,msg,dialog,
$2F:8126,Oracle_Message_18F,msg,dialog,
$2F:8191,Oracle_Message_190,msg,dialog,
$2F:81E9,Oracle_Message_191,msg,dialog,
$2F:82D0,Oracle_Message_192,msg,dialog,
$2F:8377,Oracle_Message_193,msg,dialog,
$2F:841C,Oracle_Message_194,msg,dialog,
$2F:84DD,Oracle_Message_195,msg,dialog,
$2F:85C2,Oracle_Message_196,msg,dialog,
$2F:868A,Oracle_Message_197,msg,dialog,
$2F:8723,Oracle_Message_198,msg,dialog,
$2F:87A7,Oracle_Message_199,msg,dialog,
$2F:8832,Oracle_Message_19A,msg,dialog,
$2F:88DE,Oracle_Message_19B,msg,dialog,
$2F:8977,Oracle_Message_19C,msg,dialog,
$2F:8A14,Oracle_Message_19D,msg,dialog,
$2F:8ACB,Oracle_Message_19E,msg,dialog,
$2F:8B72,Oracle_Message_19F,msg,dialog,
$2F:8C2E,Oracle_Message_1A0,msg,dialog,
$2F:8CCA,Oracle_Message_1A1,msg,dialog,
$2F:8D27,Oracle_Message_1A2,msg,dialog,
$2F:8D83,Oracle_Message_1A3,msg,dialog,
$2F:8DC3,Oracle_Message_1A4,msg,dialog,
$2F:8E4B,Oracle_Message_1A5,msg,dialog,
$2F:8F07,Oracle_Message_1A6,msg,dialog,
$2F:8F9B,Oracle_Message_1A7,msg,dialog,
$2F:9045,Oracle_Message_1A8,msg,dialog,
$2F:90BA,Oracle_Message_1A9,msg,dialog,
$2F:9160,Oracle_Message_1AA,msg,dialog,
$2F:924B,Oracle_Message_1AB,msg,dialog,
$2F:9328,Oracle_Message_1AC,msg,dialog,
$2F:93FD,Oracle_Message_1AD,msg,dialog,
$2F:94FD,Oracle_Message_1AE,msg,dialog,
$2F:95C4,Oracle_Message_1AF,msg,dialog,
$2F:9714,Oracle_Message_1B0,msg,dialog,
$2F:97C9,Oracle_Message_1B1,msg,dialog,
$2F:988E,Oracle_Message_1B2,msg,dialog,
$2F:9931,Oracle_Message_1B3,msg,dialog,
$2F:9A3A,Oracle_Message_1B4,msg,dialog,
$2F:9B18,Oracle_Message_1B5,msg,dialog,
$2F:9BE6,Oracle_Message_1B6,msg,dialog,
$2F:9C5D,Oracle_Message_1B7,msg,dialog,
$2F:9CEA,Oracle_Message_1B8,msg,dialog,
$2F:9E91,Oracle_Message_1B9,msg,dialog,
$2F:9F4F,Oracle_Message_1BA,msg,dialog,
$2F:A007,Oracle_Message_1BB,msg,dialog,
$2F:A0B9,Oracle_Message_1BC,msg,dialog,
$2F:A0BD,Oracle_Message_1BD,msg,dialog,
$2F:A0C1,Oracle_Message_1BE,msg,dialog,
$2F:A0C5,Oracle_Message_1BF,msg,dialog,
$2F:A0C9,Oracle_Message_1C0,msg,dialog,
$2F:A0CD,Oracle_Message_1C1,msg,dialog,
$2F:A0D1,Oracle_Message_1C2,msg,dialog,
$2F:A0D5,Oracle_Message_1C3,msg,dialog,
$2F:A0D9,Oracle_Message_1C4,msg,dialog,
$2F:A0DD,Oracle_Message_1C5,msg,dialog,
$2F:A15D,Oracle_Message_1C6,msg,dialog,
$2F:A205,Oracle_Message_1C7,msg,dialog,
$2F:A2C3,Oracle_Message_1C8,msg,dialog,
$2F:A2C7,Oracle_Message_1C9,msg,dialog,
$2F:A2CB,Oracle_Message_1CA,msg,dialog,
$2F:A3AD,Oracle_Message_1CB,msg,dialog,
$2F:A3B1,Oracle_Message_1CC,msg,dialog,
$2F:A3B5,Oracle_Message_1CD,msg,dialog,
$2F:A3B9,Oracle_Message_1CE,msg,dialog,
$2F:A3BD,Oracle_Message_1CF,msg,dialog,
$2F:A3C1,Oracle_Message_1D0,msg,dialog,
$2F:A3C5,Oracle_Message_1D1,msg,dialog,
$30:A4BB,Oracle_MapleHandler,func,map,
$30:A4F2,Oracle_Maple_Idle,func,map,
$30:A511,Oracle_Maple_HandleFirstResponse,func,map,
$30:A526,Oracle_Maple_HandleFirstResponse_next_response,func,map,
$30:A52A,Oracle_Maple_DreamOrExplain,func,map,
$30:A541,Oracle_Maple_DreamOrExplain_check_for_pendant,func,map,
$30:A547,Oracle_Maple_DreamOrExplain_another_time,func,map,
$30:A54B,Oracle_Maple_ExplainHut,func,map,
$30:A557,Oracle_Maple_ExplainPendants,func,map,
$30:A563,Oracle_Maple_CheckForPendant,func,map,
$30:A57E,Oracle_Maple_CheckForPendant_courage,func,map,
$30:A58D,Oracle_Maple_CheckForPendant_power,func,map,
$30:A59C,Oracle_Maple_CheckForPendant_wisdom,func,map,
$30:A5BA,Oracle_Maple_CheckForPendant_none,func,map,
$30:A5BE,Oracle_Maple_NoNewPendant,func,map,
$30:A5CA,Oracle_Maple_PutLinkToSleep,func,map,
$30:A5D1,Oracle_Maple_HandleDreams,func,map,
$31:B69F,Oracle_RoomTag_ShutterDoorRequiresCart,func,dungeon,
$31:B6C2,Oracle_RoomTag_ShutterDoorRequiresCart_exit,func,dungeon,
$31:B6C4,Oracle_RoomTag_ShutterDoorRequiresCart_no_cart,func,dungeon,
$34:8000,Oracle_HUD_ClockDisplay,func,menu,
$34:913F,Oracle_Overworld_UseEntranceEntry,func,overworld,
$34:9148,Oracle_Overworld_UseEntrance,func,overworld,
$34:91B7,Oracle_Overworld_UseEntrance_open_door,func,overworld,
$34:91D9,Oracle_Overworld_UseEntrance_not_facing_up,func,overworld,
$34:91DB,Oracle_Overworld_UseEntrance_right_side_castle_door,func,overworld,
$34:91DD,Oracle_Overworld_UseEntrance_left_side_castle_door,func,overworld,
$34:91FA,Oracle_Overworld_UseEntrance_open_this_castle_door,func,overworld,
$34:9215,Oracle_Overworld_UseEntrance_check_door_type,func,overworld,
$34:922A,Oracle_Overworld_UseEntrance_check_next,func,overworld,
$34:923A,Oracle_Overworld_UseEntrance_low_byte_fail,func,overworld,
$34:9241,Oracle_Overworld_UseEntrance_message_received,msg,overworld,
$34:9244,Oracle_Overworld_ForbidEntry,func,overworld,
$34:F5DE,Oracle_LoadOverworldPitAreas,func,overworld,
$34:F5F2,Oracle_LoadOverworldPitAreas_allow_transition,func,overworld,
$3A:81E2,Oracle_LinkItem_CheckForSwordSwing_Masks,func,item,
$3A:81F2,Oracle_LinkItem_CheckForSwordSwing_Masks_return,func,item,
$3A:8425,Oracle_Ancilla_SFX3_Near,func,item,
$3A:842C,Oracle_Ancilla_SFX_Near,func,item,
$3A:8437,Oracle_Ancilla_SFX2_Pan,func,item,
$3A:843E,Oracle_Ancilla_SFX3_Pan,func,item,
$3A:8445,Oracle_Ancilla_SFX_SetPan,func,item,
$3A:8450,Oracle_Ancilla_CheckBasicSpriteCollision,func,item,
$3A:8452,Oracle_Ancilla_CheckBasicSpriteCollision_next_sprite,func,item,
$3A:8472,Oracle_Ancilla_CheckBasicSpriteCollision_sprite_ignores_priority,func,item,
$3A:848C,Oracle_Ancilla_CheckBasicSpriteCollision_not_somaria_block,func,item,
$3A:848F,Oracle_Ancilla_CheckBasicSpriteCollision_skip,func,item,
$3A:8494,Oracle_Ancilla_CheckBasicSpriteCollision_Single,func,item,
$3A:84B4,Oracle_Ancilla_CheckBasicSpriteCollision_Single_not_king_helma,func,item,
$3A:84CD,Oracle_Ancilla_CheckBasicSpriteCollision_Single_dont_reverse_fire_snake,func,item,
$3A:851B,Oracle_Ancilla_CheckBasicSpriteCollision_Single_success,func,item,
$3A:851F,Oracle_Ancilla_CheckBasicSpriteCollision_Single_fail,func,item,
$3A:8521,Oracle_Ancilla_SetupBasicHitBox,func,item,
$3A:8550,Oracle_Ancilla_Move_X,func,item,
$3A:855B,Oracle_Ancilla_Move_Y,func,item,
$3A:8579,Oracle_Ancilla_Move_Y_other_way,func,item,
$3A:8587,Oracle_Ancilla_Move_Z,func,item,
$3A:85A5,Oracle_Ancilla_Move_Z_other_way,func,item,
$3A:85AC,Oracle_Ancilla_Killa,func,item,
$3A:85B2,Oracle_Ancilla_BoundsCheck,func,item,
$3A:85D6,Oracle_Ancilla_BoundsCheck_data,func,item,
$3A:86E8,Oracle_Ancilla_MagicBubbleShot,func,item,
$3A:8733,Oracle_Ancilla_MagicBubbleShot_collision,func,item,
$3A:8745,Oracle_Ancilla_MagicBubbleShot_no_collision,func,item,
$3A:8768,Oracle_Ancilla_MagicBubbleShot_draw,func,item,
$3A:8768,Oracle_Ancilla_MagicBubbleShot_torch,func,item,
$3A:8811,Oracle_Ancilla_RestoreIndex,func,item,
$3B:F0D1,Oracle_LoadOverworld_CheckForGbcLink,func,overworld,
$3B:F0ED,Oracle_LoadOverworld_CheckForGbcLink_return_lw,func,overworld,
$3B:F0F0,Oracle_LoadOverworld_CheckForGbcLink_return,func,overworld,
$3B:F0F9,Oracle_OverworldTransition_CheckForGbcLink,func,overworld,
$3B:F112,Oracle_OverworldTransition_CheckForGbcLink_return,func,overworld,
$3D:8000,Oracle_Map16Definitions,func,map,
$7E:F368,Oracle_DungeonMapSet1,data,dungeon,
$7E:F369,Oracle_DungeonMapSet2,data,dungeon,
$7E:F398,Oracle_DungeonScrolls,data,dungeon,
$7E:F3C7,Oracle_MapIcon,data,map,
$7E:F3CA,Oracle_SavedWorld,data,save,
$7E:F3D2,Oracle_SavedFollowerLayer,data,save,
$7E:F3E1,Oracle_SaveChecksumL,data,save,
$7E:F3E2,Oracle_SaveChecksumH,data,save,
$7E:F4FE,Oracle_SaveInverseChecksumL,data,save,
$7E:F4FF,Oracle_SaveInverseChecksumH,data,save,
